{"ndsg": 0.7952173233010046, "ndsg@2": 0.43783694385853544, "ndsg@4": 0.4700171558873863, "ndsg@6": 0.4851177946796526, "precision@2": 0.782608695652174, "precision@4": 0.7635869565217391, "precision@6": 0.7282608695652172, "average_precision": 0.6189882219973221}