{"ndsg": 0.8039874139461703, "ndsg@2": 0.505091464881416, "ndsg@4": 0.5003690014086003, "ndsg@6": 0.5206480680876711, "precision@2": 0.7755102040816326, "precision@4": 0.7117346938775511, "precision@6": 0.7023809523809523, "average_precision": 0.5945271281142288}