{"ndsg": 0.7962032337995568, "ndsg@2": 0.4564759105879242, "ndsg@4": 0.4771676959862721, "ndsg@6": 0.4919470749530528, "precision@2": 0.7708333333333334, "precision@4": 0.7369791666666666, "precision@6": 0.7121527777777777, "average_precision": 0.6320569976561834}