{"ndsg": 0.8033412421962934, "ndsg@2": 0.514596632827304, "ndsg@4": 0.5125992567533251, "ndsg@6": 0.5180576078966964, "precision@2": 0.7704081632653061, "precision@4": 0.7423469387755102, "precision@6": 0.6921768707482991, "average_precision": 0.5900789866189419}