{"ndsg": 0.8209124970685022, "ndsg@2": 0.5461357594194998, "ndsg@4": 0.6278006732870879, "ndsg@6": 0.6731705400475056, "precision@2": 0.39473684210526316, "precision@4": 0.35964912280701755, "precision@6": 0.31286549707602335, "average_precision": 0.49108874831998744}