{"ndsg": 0.8659398373869076, "ndsg@2": 0.6571157033091827, "ndsg@4": 0.721667382798471, "ndsg@6": 0.7642126488362355, "precision@2": 0.5350877192982456, "precision@4": 0.4605263157894737, "precision@6": 0.391812865497076, "average_precision": 0.6252621670737887}