{"ndsg": 0.6333934352526469, "ndsg@2": 0.11528583703619634, "ndsg@4": 0.13569526451505995, "ndsg@6": 0.1519073131380862, "precision@2": 0.10204081632653061, "precision@4": 0.14030612244897958, "precision@6": 0.15136054421768708, "average_precision": 0.3364481382628485}