{"ndsg": 0.20376814320198125, "ndsg@2": 0.13324502909914093, "ndsg@4": 0.09447060382749906, "ndsg@6": 0.07918296747717576, "precision@2": 0.37755102040816324, "precision@4": 0.37755102040816324, "precision@6": 0.37755102040816324, "average_precision": 0.37755102040816324}