{"ndsg": 0.674743690426834, "ndsg@2": 0.1676516054694215, "ndsg@4": 0.18542438130538585, "ndsg@6": 0.1987555021113558, "precision@2": 0.2631578947368421, "precision@4": 0.3026315789473684, "precision@6": 0.30877192982456136, "average_precision": 0.4320003420653449}