{"ndsg": 0.7953959181852525, "ndsg@2": 0.46718627324676876, "ndsg@4": 0.5616799056964544, "ndsg@6": 0.6284965835157015, "precision@2": 0.2807017543859649, "precision@4": 0.2631578947368421, "precision@6": 0.27485380116959063, "average_precision": 0.4506213445365275}