{"ndsg": 0.2285434995112414, "ndsg@2": 0.14870972732851717, "ndsg@4": 0.10376662073249658, "ndsg@6": 0.08619160696561966, "precision@2": 0.4444444444444444, "precision@4": 0.4444444444444444, "precision@6": 0.4444444444444444, "average_precision": 0.4444444444444444}