{"ndsg": 0.8918733118689458, "ndsg@2": 0.7405713280464572, "ndsg@4": 0.8086990487692919, "ndsg@6": 0.8625810710494687, "precision@2": 0.625, "precision@4": 0.5208333333333334, "precision@6": 0.40972222222222215, "average_precision": 0.756084656084656}