{"ndsg": 0.8950578889648436, "ndsg@2": 0.7471976694920258, "ndsg@4": 0.7927729611194199, "ndsg@6": 0.880827747231249, "precision@2": 0.6041666666666666, "precision@4": 0.4791666666666667, "precision@6": 0.4444444444444444, "average_precision": 0.74130291005291}