{"ndsg": 0.7957680388358711, "ndsg@2": 0.4640530794185029, "ndsg@4": 0.4557297801952188, "ndsg@6": 0.46992194912327934, "precision@2": 0.7021276595744681, "precision@4": 0.6861702127659575, "precision@6": 0.6542553191489361, "average_precision": 0.6114564808589102}