{"ndsg": 0.7982984319443772, "ndsg@2": 0.48992615365699826, "ndsg@4": 0.49011236006833436, "ndsg@6": 0.4968890184610478, "precision@2": 0.7653061224489796, "precision@4": 0.6964285714285714, "precision@6": 0.6751700680272109, "average_precision": 0.5897007569181961}