{"ndsg": 0.7047515775277744, "mse": 7.662595265360428, "mape": 1.5965512547827214}