{"ndsg": 0.8495220010318228, "ndsg@2": 0.6118079024549956, "ndsg@4": 0.6854156838080546, "ndsg@6": 0.7384934423357236, "precision@2": 0.47368421052631576, "precision@4": 0.41228070175438597, "precision@6": 0.3684210526315789, "average_precision": 0.5590913672647065}